{
  "source": "eval7-py_all_hands_vs_range-monte-carlo",
  "exact": false,
  "iterations": 500000,
  "range": "22+,A2+,K2+,Q2+,J2+,T2+,92+,82+,72+,62+,52+,42+,32",
  "classes": {
    "1-1-pair": 0.8522150019804636,
    "1-2-offsuit": 0.6534607460101446,
    "1-2-suited": 0.6701889932155609,
    "1-3-offsuit": 0.6441050867239634,
    "1-3-suited": 0.6615725010633469,
    "1-4-offsuit": 0.6356775015592575,
    "1-4-suited": 0.6542820036411285,
    "1-5-offsuit": 0.6271484096844991,
    "1-5-suited": 0.6460452377796173,
    "1-6-offsuit": 0.6076467434565226,
    "1-6-suited": 0.6274960041046143,
    "1-7-offsuit": 0.5986354996760687,
    "1-7-suited": 0.6192905008792877,
    "1-8-offsuit": 0.5882315834363302,
    "1-8-suited": 0.6098397374153137,
    "1-9-offsuit": 0.5770431657632192,
    "1-9-suited": 0.599283754825592,
    "1-10-offsuit": 0.5769049127896627,
    "1-10-suited": 0.5995457470417023,
    "1-11-offsuit": 0.5669492532809576,
    "1-11-suited": 0.5902092456817627,
    "1-12-offsuit": 0.5583720803260803,
    "1-12-suited": 0.5819712430238724,
    "1-13-offsuit": 0.5492776681979498,
    "1-13-suited": 0.5737637579441071,
    "2-2-pair": 0.8239373366038004,
    "2-3-offsuit": 0.614430750409762,
    "2-3-suited": 0.633470743894577,
    "2-4-offsuit": 0.6056026667356491,
    "2-4-suited": 0.6261937469244003,
    "2-5-offsuit": 0.5976089139779409,
    "2-5-suited": 0.6178922355175018,
    "2-6-offsuit": 0.5779176702102026,
    "2-6-suited": 0.5999519973993301,
    "2-7-offsuit": 0.5600880036751429,
    "2-7-suited": 0.5828745067119598,
    "2-8-offsuit": 0.5519650926192602,
    "2-8-suited": 0.575387492775917,
    "2-9-offsuit": 0.542135164141655,
    "2-9-suited": 0.5664259791374207,
    "2-10-offsuit": 0.532874991496404,
    "2-10-suited": 0.5582197457551956,
    "2-11-offsuit": 0.5227940082550049,
    "2-11-suited": 0.5484604984521866,
    "2-12-offsuit": 0.5147113353013992,
    "2-12-suited": 0.5404772460460663,
    "2-13-offsuit": 0.5048395792643229,
    "2-13-suited": 0.5321172624826431,
    "3-3-pair": 0.799454003572464,
    "3-4-offsuit": 0.5814255028963089,
    "3-4-suited": 0.6029150038957596,
    "3-5-offsuit": 0.5729214996099472,
    "3-5-suited": 0.5952454954385757,
    "3-6-offsuit": 0.5536029189825058,
    "3-6-suited": 0.5763859897851944,
    "3-7-offsuit": 0.5360394964615504,
    "3-7-suited": 0.5605134963989258,
    "3-8-offsuit": 0.5175546556711197,
    "3-8-suited": 0.542467013001442,
    "3-9-offsuit": 0.5100685805082321,
    "3-9-suited": 0.5352050065994263,
    "3-10-offsuit": 0.5011779988805453,
    "3-10-suited": 0.527890756726265,
    "3-11-offsuit": 0.4912882496913274,
    "3-11-suited": 0.5186052471399307,
    "3-12-offsuit": 0.482077253361543,
    "3-12-suited": 0.5101314932107925,
    "3-13-offsuit": 0.4730335821708043,
    "3-13-suited": 0.5017447471618652,
    "4-4-pair": 0.7746760050455729,
    "4-5-offsuit": 0.5523179968198141,
    "4-5-suited": 0.5761885046958923,
    "4-6-offsuit": 0.5323443363110224,
    "4-6-suited": 0.5562347620725632,
    "4-7-offsuit": 0.5144883394241333,
    "4-7-suited": 0.5401245057582855,
    "4-8-offsuit": 0.4967539186278979,
    "4-8-suited": 0.5229327529668808,
    "4-9-offsuit": 0.47809283435344696,
    "4-9-suited": 0.5065279901027679,
    "4-10-offsuit": 0.4715453361471494,
    "4-10-suited": 0.4999757409095764,
    "4-11-offsuit": 0.461557333668073,
    "4-11-suited": 0.4906967505812645,
    "4-12-offsuit": 0.452480581899484,
    "4-12-suited": 0.48219525068998337,
    "4-13-offsuit": 0.4434565802415212,
    "4-13-suited": 0.4734230041503906,
    "5-5-pair": 0.7496521671613058,
    "5-6-offsuit": 0.5155956645806631,
    "5-6-suited": 0.5399010181427002,
    "5-7-offsuit": 0.497189166645209,
    "5-7-suited": 0.5229440033435822,
    "5-8-offsuit": 0.47904083629449207,
    "5-8-suited": 0.5066909939050674,
    "5-9-offsuit": 0.46097249786059064,
    "5-9-suited": 0.49008750170469284,
    "5-10-offsuit": 0.44259841243426007,
    "5-10-suited": 0.4718417450785637,
    "5-11-offsuit": 0.4348926668365796,
    "5-11-suited": 0.4648815020918846,
    "5-12-offsuit": 0.425784669816494,
    "5-12-suited": 0.45716699957847595,
    "5-13-offsuit": 0.4166228299339612,
    "5-13-suited": 0.44858625531196594,
    "6-6-pair": 0.7212869922320048,
    "6-7-offsuit": 0.48061766972144443,
    "6-7-suited": 0.50824174284935,
    "6-8-offsuit": 0.46307091663281125,
    "6-8-suited": 0.4911952465772629,
    "6-9-offsuit": 0.44502641757329303,
    "6-9-suited": 0.4740160033106804,
    "6-10-offsuit": 0.4267894998192787,
    "6-10-suited": 0.4569009989500046,
    "6-11-offsuit": 0.40672333538532257,
    "6-11-suited": 0.438726507127285,
    "6-12-offsuit": 0.3999454155564308,
    "6-12-suited": 0.43165724724531174,
    "6-13-offsuit": 0.3908836667736371,
    "6-13-suited": 0.42400000244379044,
    "7-7-pair": 0.691281666358312,
    "7-8-offsuit": 0.4502084155877431,
    "7-8-suited": 0.47986525297164917,
    "7-9-offsuit": 0.4328189169367154,
    "7-9-suited": 0.46255774796009064,
    "7-10-offsuit": 0.41461583226919174,
    "7-10-suited": 0.4454299956560135,
    "7-11-offsuit": 0.3945874993999799,
    "7-11-suited": 0.4270462542772293,
    "7-12-offsuit": 0.3748973309993744,
    "7-12-suited": 0.4087132513523102,
    "7-13-offsuit": 0.36809125045935315,
    "7-13-suited": 0.4023354947566986,
    "8-8-pair": 0.6624038318792979,
    "8-9-offsuit": 0.42321616659561795,
    "8-9-suited": 0.4536442458629608,
    "8-10-offsuit": 0.4050510823726654,
    "8-10-suited": 0.4362984970211983,
    "8-11-offsuit": 0.3855939159790675,
    "8-11-suited": 0.41820549219846725,
    "8-12-offsuit": 0.36605199923117954,
    "8-12-suited": 0.3999057486653328,
    "8-13-offsuit": 0.3458454981446266,
    "8-13-suited": 0.3815172463655472,
    "9-9-pair": 0.6328251759211222,
    "9-10-offsuit": 0.3993275811274846,
    "9-10-suited": 0.4318135008215904,
    "9-11-offsuit": 0.3799679179986318,
    "9-11-suited": 0.4129585027694702,
    "9-12-offsuit": 0.3607379173239072,
    "9-12-suited": 0.3953857570886612,
    "9-13-offsuit": 0.340960164864858,
    "9-13-suited": 0.3768474981188774,
    "10-10-pair": 0.6029376685619354,
    "10-11-offsuit": 0.38166458408037823,
    "10-11-suited": 0.41466424614191055,
    "10-12-offsuit": 0.36252933243910473,
    "10-12-suited": 0.39668724685907364,
    "10-13-offsuit": 0.34299641102552414,
    "10-13-suited": 0.378090001642704,
    "11-11-pair": 0.5701996584733328,
    "11-12-offsuit": 0.35161683211723965,
    "11-12-suited": 0.38655100017786026,
    "11-13-offsuit": 0.3323298320174217,
    "11-13-suited": 0.3681720048189163,
    "12-12-pair": 0.5372578303019205,
    "12-13-offsuit": 0.323122501373291,
    "12-13-suited": 0.36012549698352814,
    "13-13-pair": 0.5030608276526133
  }
}
