{
  "source": "folded-169-preflop-winshare-cache",
  "totalCombos": 56189515200,
  "shares": {
    "1.1": 0.04761904761904836,
    "2.1": 0.07928921472524145,
    "2.2": 0.07928921472524145,
    "2.3": 0.19286982579271073,
    "2.4": 0.029988302586384567,
    "2.5": 0.01500951579664157,
    "3.1": 0.015948880512853217,
    "3.2": 0.015948880512853217,
    "3.3": 0.022494989314306574,
    "3.4": 0.015468118650007353,
    "3.5": 0.009883533574249521,
    "4.1": 0.04761904761904975,
    "4.2": 0.10773325582989997,
    "4.3": 0.10773325582989997,
    "4.4": 0.022725462062715755,
    "4.5": 0.022725462062715755,
    "4.6": 0.11104060880026212,
    "4.7": 0.012398424964521402,
    "4.8": 0.012398424964521402,
    "4.9": 0.016110756121989034,
    "4.10": 0.015705777934884542
  },
  "aggregateMatchups": {
    "AGG": 0.5,
    "RANGE_AGG": 0.5
  }
}
